{"stat.pickup.morefuelsmod-bleeding.coke":1,"stat.flyOneCm":3873,"stat.pickup.morefuelsmod-bleeding.bituminousCoal":1,"stat.walkOneCm":856,"stat.jump":5,"stat.playOneMinute":1938,"stat.craftItem.minecraft.item_frame":8,"achievement.openInventory":6,"stat.leaveGame":1,"stat.pickup.morefuelsmod-bleeding.pelletsFuel":1,"stat.sneakTime":24,"stat.pickup.morefuelsmod-bleeding.concentratedPelletsFuel":1,"stat.pickup.minecraft.item_frame":6,"stat.timeSinceDeath":1938,"stat.pickup.morefuelsmod-bleeding.canSlimoline":1,"stat.pickup.morefuelsmod-bleeding.dustCoal":1,"achievement.exploreAllBiomes":{"value":0,"progress":["Plains"]}}