{"stat.craftItem.morefuelsmod-bleeding.pelletBlock":1,"stat.flyOneCm":25497,"stat.walkOneCm":1039,"stat.craftItem.morefuelsmod-bleeding.canSlimoline":64,"stat.jump":28,"stat.playOneMinute":4362,"achievement.openInventory":3,"stat.craftItem.morefuelsmod-bleeding.coke":1,"stat.leaveGame":1,"stat.sneakTime":82,"stat.craftItem.minecraft.dirt":8,"stat.furnaceInteraction":4,"stat.crouchOneCm":40,"stat.pickup.morefuelsmod-bleeding.bitumen":64,"stat.timeSinceDeath":4362,"stat.craftItem.morefuelsmod-bleeding.concentratedPelletBlock":2,"stat.craftItem.morefuelsmod-bleeding.bituminousCoal":64,"stat.sprintOneCm":1116,"achievement.exploreAllBiomes":{"value":0,"progress":["Plains"]},"stat.craftingTableInteraction":3}