{"stat.drop.morefuelsmod-bleeding.concentratedPelletsFuel":5,"stat.drop.morefuelsmod-bleeding.pelletsFuel":3,"stat.flyOneCm":240,"stat.craftItem.minecraft.furnace":1,"stat.walkOneCm":4575,"stat.drop":8,"stat.jump":1,"stat.playOneMinute":1193,"achievement.openInventory":1,"stat.leaveGame":1,"stat.sneakTime":11,"stat.pickup.morefuelsmod-bleeding.pelletsFuel":3,"stat.pickup.morefuelsmod-bleeding.concentratedPelletsFuel":5,"stat.furnaceInteraction":4,"stat.crouchOneCm":91,"stat.timeSinceDeath":1193,"achievement.exploreAllBiomes":{"value":0,"progress":["Plains"]}}