{"stat.drop.morefuelsmod-bleeding.concentratedPelletsFuel":1,"stat.flyOneCm":49264,"stat.walkOneCm":12297,"stat.drop":1,"stat.jump":98,"stat.playOneMinute":3987,"stat.leaveGame":1,"stat.sneakTime":50,"stat.pickup.minecraft.slime_ball":4,"stat.craftItem.minecraft.dirt":15,"stat.killEntity.Slime":6,"stat.damageDealt":310,"stat.pickup.morefuelsmod-bleeding.concentratedPelletsFuel":1,"stat.crouchOneCm":237,"stat.timeSinceDeath":3987,"stat.sprintOneCm":6654,"stat.mobKills":6,"achievement.exploreAllBiomes":{"value":0,"progress":["Plains"]}}